/*Insertando datos*/
/*20 Registros Tabla Aviones*/


INSERT INTO TAB_AVIONES (ID_AVION, NOMBRE, MODELO, AEROLINEA) VALUES (1, 'Airbus A321', 'A321neo', 'Lufthansa');
INSERT INTO TAB_AVIONES (ID_AVION, NOMBRE, MODELO, AEROLINEA) VALUES (2, 'Boeing 737 MAX', '737-8', 'Southwest Airlines');
INSERT INTO TAB_AVIONES (ID_AVION, NOMBRE, MODELO, AEROLINEA) VALUES (3, 'Embraer E190', 'E190-E2', 'JetBlue Airways');
INSERT INTO TAB_AVIONES (ID_AVION, NOMBRE, MODELO, AEROLINEA) VALUES (4, 'Airbus A330', 'A330-300', 'British Airways');
INSERT INTO TAB_AVIONES (ID_AVION, NOMBRE, MODELO, AEROLINEA) VALUES (5, 'Boeing 787 Dreamliner', '787-9', 'Qatar Airways');
INSERT INTO TAB_AVIONES (ID_AVION, NOMBRE, MODELO, AEROLINEA) VALUES (6, 'Airbus A350', 'A350-900', 'Cathay Pacific');
INSERT INTO TAB_AVIONES (ID_AVION, NOMBRE, MODELO, AEROLINEA) VALUES (7, 'Boeing 757', '757-200', 'Delta Air Lines');
INSERT INTO TAB_AVIONES (ID_AVION, NOMBRE, MODELO, AEROLINEA) VALUES (8, 'Bombardier CRJ900', 'CRJ900 NextGen', 'American Eagle');
INSERT INTO TAB_AVIONES (ID_AVION, NOMBRE, MODELO, AEROLINEA) VALUES (9, 'Airbus A340', 'A340-600', 'Virgin Atlantic');
INSERT INTO TAB_AVIONES (ID_AVION, NOMBRE, MODELO, AEROLINEA) VALUES (10, 'Boeing 767', '767-300ER', 'All Nippon Airways');
INSERT INTO TAB_AVIONES (ID_AVION, NOMBRE, MODELO, AEROLINEA) VALUES (11, 'Embraer E175', 'E175-E2', 'Alaska Airlines');
INSERT INTO TAB_AVIONES (ID_AVION, NOMBRE, MODELO, AEROLINEA) VALUES (12, 'Airbus A380', 'A380-800', 'Qantas');
INSERT INTO TAB_AVIONES (ID_AVION, NOMBRE, MODELO, AEROLINEA) VALUES (13, 'Boeing 777X', '777-9', 'Etihad Airways');
INSERT INTO TAB_AVIONES (ID_AVION, NOMBRE, MODELO, AEROLINEA) VALUES (14, 'Bombardier Q400', 'Q400', 'Flybe');
INSERT INTO TAB_AVIONES (ID_AVION, NOMBRE, MODELO, AEROLINEA) VALUES (15, 'Airbus A319', 'A319neo', 'Air France');
INSERT INTO TAB_AVIONES (ID_AVION, NOMBRE, MODELO, AEROLINEA) VALUES (16, 'Boeing 747', '747-8', 'Lufthansa');
INSERT INTO TAB_AVIONES (ID_AVION, NOMBRE, MODELO, AEROLINEA) VALUES (17, 'Embraer E195', 'E195-E2', 'Azul Brazilian Airlines');
INSERT INTO TAB_AVIONES (ID_AVION, NOMBRE, MODELO, AEROLINEA) VALUES (18, 'Airbus A330neo', 'A330-800', 'TAP Air Portugal');
INSERT INTO TAB_AVIONES (ID_AVION, NOMBRE, MODELO, AEROLINEA) VALUES (19, 'Boeing 737 NG', '737-900ER', 'WestJet');
INSERT INTO TAB_AVIONES (ID_AVION, NOMBRE, MODELO, AEROLINEA) VALUES (20, 'Bombardier CS300', 'CS300', 'SWISS International Air Lines');



/*20 Registros de la tabla Domicilio*/

-- Insertando datos de ejemplo en la tabla TAB_DOMICILIO
INSERT INTO TAB_DOMICILIO (ID_DOMICILIO, PROVINCIA, CANTON, DISTRITO) VALUES (1, 'San José', 'San José', 'Carmen');
INSERT INTO TAB_DOMICILIO (ID_DOMICILIO, PROVINCIA, CANTON, DISTRITO) VALUES (2, 'Heredia', 'Heredia', 'Heredia Centro');
INSERT INTO TAB_DOMICILIO (ID_DOMICILIO, PROVINCIA, CANTON, DISTRITO) VALUES (3, 'Alajuela', 'Alajuela', 'Alajuela Centro');
INSERT INTO TAB_DOMICILIO (ID_DOMICILIO, PROVINCIA, CANTON, DISTRITO) VALUES (4, 'Cartago', 'Cartago', 'Cartago Centro');
INSERT INTO TAB_DOMICILIO (ID_DOMICILIO, PROVINCIA, CANTON, DISTRITO) VALUES (5, 'Guanacaste', 'Liberia', 'Liberia Centro');
INSERT INTO TAB_DOMICILIO (ID_DOMICILIO, PROVINCIA, CANTON, DISTRITO) VALUES (6, 'Puntarenas', 'Puntarenas', 'Puntarenas Centro');
INSERT INTO TAB_DOMICILIO (ID_DOMICILIO, PROVINCIA, CANTON, DISTRITO) VALUES (7, 'Limón', 'Limón', 'Limón Centro');
INSERT INTO TAB_DOMICILIO (ID_DOMICILIO, PROVINCIA, CANTON, DISTRITO) VALUES (8, 'San José', 'Escazú', 'Escazú Centro');
INSERT INTO TAB_DOMICILIO (ID_DOMICILIO, PROVINCIA, CANTON, DISTRITO) VALUES (9, 'Heredia', 'Belén', 'Belén Centro');
INSERT INTO TAB_DOMICILIO (ID_DOMICILIO, PROVINCIA, CANTON, DISTRITO) VALUES (10, 'Alajuela', 'Grecia', 'Grecia Centro');
INSERT INTO TAB_DOMICILIO (ID_DOMICILIO, PROVINCIA, CANTON, DISTRITO) VALUES (11, 'Cartago', 'Paraíso', 'Paraíso Centro');
INSERT INTO TAB_DOMICILIO (ID_DOMICILIO, PROVINCIA, CANTON, DISTRITO) VALUES (12, 'Guanacaste', 'Nicoya', 'Nicoya Centro');
INSERT INTO TAB_DOMICILIO (ID_DOMICILIO, PROVINCIA, CANTON, DISTRITO) VALUES (13, 'Puntarenas', 'Quepos', 'Quepos Centro');
INSERT INTO TAB_DOMICILIO (ID_DOMICILIO, PROVINCIA, CANTON, DISTRITO) VALUES (14, 'Limón', 'Pococí', 'Guápiles Centro');
INSERT INTO TAB_DOMICILIO (ID_DOMICILIO, PROVINCIA, CANTON, DISTRITO) VALUES (15, 'San José', 'Desamparados', 'Desamparados Centro');
INSERT INTO TAB_DOMICILIO (ID_DOMICILIO, PROVINCIA, CANTON, DISTRITO) VALUES (16, 'Heredia', 'San Isidro', 'San Isidro Centro');
INSERT INTO TAB_DOMICILIO (ID_DOMICILIO, PROVINCIA, CANTON, DISTRITO) VALUES (17, 'Alajuela', 'San Ramón', 'San Ramón Centro');
INSERT INTO TAB_DOMICILIO (ID_DOMICILIO, PROVINCIA, CANTON, DISTRITO) VALUES (18, 'Cartago', 'Turrialba', 'Turrialba Centro');
INSERT INTO TAB_DOMICILIO (ID_DOMICILIO, PROVINCIA, CANTON, DISTRITO) VALUES (19, 'Guanacaste', 'Santa Cruz', 'Santa Cruz Centro');
INSERT INTO TAB_DOMICILIO (ID_DOMICILIO, PROVINCIA, CANTON, DISTRITO) VALUES (20, 'Puntarenas', 'Jacó', 'Jacó Centro');



/*20 registros Ciudad de Procedencia*/

-- Insertando datos de ejemplo en la tabla TAB_CIUDAD_PROCEDENCIA
INSERT INTO TAB_CIUDAD_PROCEDENCIA (ID_CIUDAD_PROCEDENCIA, PAIS, CIUDAD, AEROPUERTO) VALUES (1, 'Costa Rica', 'San José', 'Aeropuerto Internacional Juan Santamaría');
INSERT INTO TAB_CIUDAD_PROCEDENCIA (ID_CIUDAD_PROCEDENCIA, PAIS, CIUDAD, AEROPUERTO) VALUES (2, 'Estados Unidos', 'Nueva York', 'Aeropuerto Internacional John F. Kennedy');
INSERT INTO TAB_CIUDAD_PROCEDENCIA (ID_CIUDAD_PROCEDENCIA, PAIS, CIUDAD, AEROPUERTO) VALUES (3, 'España', 'Madrid', 'Aeropuerto Adolfo Suárez Madrid-Barajas');
INSERT INTO TAB_CIUDAD_PROCEDENCIA (ID_CIUDAD_PROCEDENCIA, PAIS, CIUDAD, AEROPUERTO) VALUES (4, 'México', 'Ciudad de México', 'Aeropuerto Internacional Benito Juárez');
INSERT INTO TAB_CIUDAD_PROCEDENCIA (ID_CIUDAD_PROCEDENCIA, PAIS, CIUDAD, AEROPUERTO) VALUES (5, 'Canadá', 'Toronto', 'Aeropuerto Internacional Pearson');
INSERT INTO TAB_CIUDAD_PROCEDENCIA (ID_CIUDAD_PROCEDENCIA, PAIS, CIUDAD, AEROPUERTO) VALUES (6, 'Francia', 'París', 'Aeropuerto Charles de Gaulle');
INSERT INTO TAB_CIUDAD_PROCEDENCIA (ID_CIUDAD_PROCEDENCIA, PAIS, CIUDAD, AEROPUERTO) VALUES (7, 'Japón', 'Tokio', 'Aeropuerto Internacional de Narita');
INSERT INTO TAB_CIUDAD_PROCEDENCIA (ID_CIUDAD_PROCEDENCIA, PAIS, CIUDAD, AEROPUERTO) VALUES (8, 'Alemania', 'Berlín', 'Aeropuerto de Berlín-Tegel');
INSERT INTO TAB_CIUDAD_PROCEDENCIA (ID_CIUDAD_PROCEDENCIA, PAIS, CIUDAD, AEROPUERTO) VALUES (9, 'Italia', 'Roma', 'Aeropuerto Leonardo da Vinci-Fiumicino');
INSERT INTO TAB_CIUDAD_PROCEDENCIA (ID_CIUDAD_PROCEDENCIA, PAIS, CIUDAD, AEROPUERTO) VALUES (10, 'Brasil', 'Río de Janeiro', 'Aeropuerto Internacional Galeão');
INSERT INTO TAB_CIUDAD_PROCEDENCIA (ID_CIUDAD_PROCEDENCIA, PAIS, CIUDAD, AEROPUERTO) VALUES (11, 'Australia', 'Sídney', 'Aeropuerto Kingsford Smith');
INSERT INTO TAB_CIUDAD_PROCEDENCIA (ID_CIUDAD_PROCEDENCIA, PAIS, CIUDAD, AEROPUERTO) VALUES (12, 'China', 'Pekín', 'Aeropuerto Internacional de Pekín-Capital');
INSERT INTO TAB_CIUDAD_PROCEDENCIA (ID_CIUDAD_PROCEDENCIA, PAIS, CIUDAD, AEROPUERTO) VALUES (13, 'India', 'Nueva Delhi', 'Aeropuerto Indira Gandhi');
INSERT INTO TAB_CIUDAD_PROCEDENCIA (ID_CIUDAD_PROCEDENCIA, PAIS, CIUDAD, AEROPUERTO) VALUES (14, 'Sudáfrica', 'Ciudad del Cabo', 'Aeropuerto Internacional de la Ciudad del Cabo');
INSERT INTO TAB_CIUDAD_PROCEDENCIA (ID_CIUDAD_PROCEDENCIA, PAIS, CIUDAD, AEROPUERTO) VALUES (15, 'Argentina', 'Buenos Aires', 'Aeropuerto Internacional Ministro Pistarini');
INSERT INTO TAB_CIUDAD_PROCEDENCIA (ID_CIUDAD_PROCEDENCIA, PAIS, CIUDAD, AEROPUERTO) VALUES (16, 'Reino Unido', 'Londres', 'Aeropuerto Heathrow');
INSERT INTO TAB_CIUDAD_PROCEDENCIA (ID_CIUDAD_PROCEDENCIA, PAIS, CIUDAD, AEROPUERTO) VALUES (17, 'Singapur', 'Singapur', 'Aeropuerto Changi');
INSERT INTO TAB_CIUDAD_PROCEDENCIA (ID_CIUDAD_PROCEDENCIA, PAIS, CIUDAD, AEROPUERTO) VALUES (18, 'Emiratos Árabes Unidos', 'Dubái', 'Aeropuerto Internacional de Dubái');
INSERT INTO TAB_CIUDAD_PROCEDENCIA (ID_CIUDAD_PROCEDENCIA, PAIS, CIUDAD, AEROPUERTO) VALUES (19, 'Corea del Sur', 'Seúl', 'Aeropuerto Internacional de Incheon');
INSERT INTO TAB_CIUDAD_PROCEDENCIA (ID_CIUDAD_PROCEDENCIA, PAIS, CIUDAD, AEROPUERTO) VALUES (20, 'Holanda', 'Ámsterdam', 'Aeropuerto Schiphol');


/*20 resgistros tabla Horario*/

-- Insertando datos de ejemplo en la tabla TAB_HORARIOS
INSERT INTO TAB_HORARIOS (ID_HORARIO, FECHA, HORA_DE_SALIDA, HORA_DE_LLEGADA) VALUES (1, TO_DATE('2023-12-01', 'YYYY-MM-DD'), TO_TIMESTAMP('2023-12-01 08:00:00', 'YYYY-MM-DD HH24:MI:SS'), TO_TIMESTAMP('2023-12-01 12:00:00', 'YYYY-MM-DD HH24:MI:SS'));
INSERT INTO TAB_HORARIOS (ID_HORARIO, FECHA, HORA_DE_SALIDA, HORA_DE_LLEGADA) VALUES (2, TO_DATE('2023-12-02', 'YYYY-MM-DD'), TO_TIMESTAMP('2023-12-02 10:30:00', 'YYYY-MM-DD HH24:MI:SS'), TO_TIMESTAMP('2023-12-02 14:30:00', 'YYYY-MM-DD HH24:MI:SS'));
INSERT INTO TAB_HORARIOS (ID_HORARIO, FECHA, HORA_DE_SALIDA, HORA_DE_LLEGADA) VALUES (3, TO_DATE('2023-12-03', 'YYYY-MM-DD'), TO_TIMESTAMP('2023-12-03 14:45:00', 'YYYY-MM-DD HH24:MI:SS'), TO_TIMESTAMP('2023-12-03 18:45:00', 'YYYY-MM-DD HH24:MI:SS'));
INSERT INTO TAB_HORARIOS (ID_HORARIO, FECHA, HORA_DE_SALIDA, HORA_DE_LLEGADA) VALUES (4, TO_DATE('2023-12-04', 'YYYY-MM-DD'), TO_TIMESTAMP('2023-12-04 09:15:00', 'YYYY-MM-DD HH24:MI:SS'), TO_TIMESTAMP('2023-12-04 13:15:00', 'YYYY-MM-DD HH24:MI:SS'));
INSERT INTO TAB_HORARIOS (ID_HORARIO, FECHA, HORA_DE_SALIDA, HORA_DE_LLEGADA) VALUES (5, TO_DATE('2023-12-05', 'YYYY-MM-DD'), TO_TIMESTAMP('2023-12-05 12:30:00', 'YYYY-MM-DD HH24:MI:SS'), TO_TIMESTAMP('2023-12-05 16:30:00', 'YYYY-MM-DD HH24:MI:SS'));
INSERT INTO TAB_HORARIOS (ID_HORARIO, FECHA, HORA_DE_SALIDA, HORA_DE_LLEGADA) VALUES (6, TO_DATE('2023-12-06', 'YYYY-MM-DD'), TO_TIMESTAMP('2023-12-06 07:45:00', 'YYYY-MM-DD HH24:MI:SS'), TO_TIMESTAMP('2023-12-06 11:45:00', 'YYYY-MM-DD HH24:MI:SS'));
INSERT INTO TAB_HORARIOS (ID_HORARIO, FECHA, HORA_DE_SALIDA, HORA_DE_LLEGADA) VALUES (7, TO_DATE('2023-12-07', 'YYYY-MM-DD'), TO_TIMESTAMP('2023-12-07 15:00:00', 'YYYY-MM-DD HH24:MI:SS'), TO_TIMESTAMP('2023-12-07 19:00:00', 'YYYY-MM-DD HH24:MI:SS'));
INSERT INTO TAB_HORARIOS (ID_HORARIO, FECHA, HORA_DE_SALIDA, HORA_DE_LLEGADA) VALUES (8, TO_DATE('2023-12-08', 'YYYY-MM-DD'), TO_TIMESTAMP('2023-12-08 11:30:00', 'YYYY-MM-DD HH24:MI:SS'), TO_TIMESTAMP('2023-12-08 15:30:00', 'YYYY-MM-DD HH24:MI:SS'));
INSERT INTO TAB_HORARIOS (ID_HORARIO, FECHA, HORA_DE_SALIDA, HORA_DE_LLEGADA) VALUES (9, TO_DATE('2023-12-09', 'YYYY-MM-DD'), TO_TIMESTAMP('2023-12-09 13:45:00', 'YYYY-MM-DD HH24:MI:SS'), TO_TIMESTAMP('2023-12-09 17:45:00', 'YYYY-MM-DD HH24:MI:SS'));
INSERT INTO TAB_HORARIOS (ID_HORARIO, FECHA, HORA_DE_SALIDA, HORA_DE_LLEGADA) VALUES (10, TO_DATE('2023-12-10', 'YYYY-MM-DD'), TO_TIMESTAMP('2023-12-10 08:15:00', 'YYYY-MM-DD HH24:MI:SS'), TO_TIMESTAMP('2023-12-10 12:15:00', 'YYYY-MM-DD HH24:MI:SS'));
INSERT INTO TAB_HORARIOS (ID_HORARIO, FECHA, HORA_DE_SALIDA, HORA_DE_LLEGADA) VALUES (11, TO_DATE('2023-12-11', 'YYYY-MM-DD'), TO_TIMESTAMP('2023-12-11 10:45:00', 'YYYY-MM-DD HH24:MI:SS'), TO_TIMESTAMP('2023-12-11 14:45:00', 'YYYY-MM-DD HH24:MI:SS'));
INSERT INTO TAB_HORARIOS (ID_HORARIO, FECHA, HORA_DE_SALIDA, HORA_DE_LLEGADA) VALUES (12, TO_DATE('2023-12-12', 'YYYY-MM-DD'), TO_TIMESTAMP('2023-12-12 16:00:00', 'YYYY-MM-DD HH24:MI:SS'), TO_TIMESTAMP('2023-12-12 20:00:00', 'YYYY-MM-DD HH24:MI:SS'));
INSERT INTO TAB_HORARIOS (ID_HORARIO, FECHA, HORA_DE_SALIDA, HORA_DE_LLEGADA) VALUES (13, TO_DATE('2023-12-13', 'YYYY-MM-DD'), TO_TIMESTAMP('2023-12-13 09:30:00', 'YYYY-MM-DD HH24:MI:SS'), TO_TIMESTAMP('2023-12-13 13:30:00', 'YYYY-MM-DD HH24:MI:SS'));
INSERT INTO TAB_HORARIOS (ID_HORARIO, FECHA, HORA_DE_SALIDA, HORA_DE_LLEGADA) VALUES (14, TO_DATE('2023-12-14', 'YYYY-MM-DD'), TO_TIMESTAMP('2023-12-14 12:00:00', 'YYYY-MM-DD HH24:MI:SS'), TO_TIMESTAMP('2023-12-14 16:00:00', 'YYYY-MM-DD HH24:MI:SS'));
INSERT INTO TAB_HORARIOS (ID_HORARIO, FECHA, HORA_DE_SALIDA, HORA_DE_LLEGADA) VALUES (15, TO_DATE('2023-12-15', 'YYYY-MM-DD'), TO_TIMESTAMP('2023-12-15 14:15:00', 'YYYY-MM-DD HH24:MI:SS'), TO_TIMESTAMP('2023-12-15 18:15:00', 'YYYY-MM-DD HH24:MI:SS'));
INSERT INTO TAB_HORARIOS (ID_HORARIO, FECHA, HORA_DE_SALIDA, HORA_DE_LLEGADA) VALUES (16, TO_DATE('2023-12-16', 'YYYY-MM-DD'), TO_TIMESTAMP('2023-12-16 07:00:00', 'YYYY-MM-DD HH24:MI:SS'), TO_TIMESTAMP('2023-12-16 11:00:00', 'YYYY-MM-DD HH24:MI:SS'));
INSERT INTO TAB_HORARIOS (ID_HORARIO, FECHA, HORA_DE_SALIDA, HORA_DE_LLEGADA) VALUES (17, TO_DATE('2023-12-17', 'YYYY-MM-DD'), TO_TIMESTAMP('2023-12-17 15:30:00', 'YYYY-MM-DD HH24:MI:SS'), TO_TIMESTAMP('2023-12-17 19:30:00', 'YYYY-MM-DD HH24:MI:SS'));
INSERT INTO TAB_HORARIOS (ID_HORARIO, FECHA, HORA_DE_SALIDA, HORA_DE_LLEGADA) VALUES (18, TO_DATE('2023-12-18', 'YYYY-MM-DD'), TO_TIMESTAMP('2023-12-18 10:00:00', 'YYYY-MM-DD HH24:MI:SS'), TO_TIMESTAMP('2023-12-18 14:00:00', 'YYYY-MM-DD HH24:MI:SS'));
INSERT INTO TAB_HORARIOS (ID_HORARIO, FECHA, HORA_DE_SALIDA, HORA_DE_LLEGADA) VALUES (19, TO_DATE('2023-12-19', 'YYYY-MM-DD'), TO_TIMESTAMP('2023-12-19 12:45:00', 'YYYY-MM-DD HH24:MI:SS'), TO_TIMESTAMP('2023-12-19 16:45:00', 'YYYY-MM-DD HH24:MI:SS'));
INSERT INTO TAB_HORARIOS (ID_HORARIO, FECHA, HORA_DE_SALIDA, HORA_DE_LLEGADA) VALUES (20, TO_DATE('2023-12-20', 'YYYY-MM-DD'), TO_TIMESTAMP('2023-12-20 09:15:00', 'YYYY-MM-DD HH24:MI:SS'), TO_TIMESTAMP('2023-12-20 13:15:00', 'YYYY-MM-DD HH24:MI:SS'));

/*50 datos en la tabla cliente*/
-- Insertando datos de ejemplo en la tabla TAB_CLIENTE
INSERT INTO TAB_CLIENTE (ID_CLIENTE, NOMBRE, APELLIDOS, CORREO, NACIONALIDAD, ID_DOMICILIO) VALUES (1, 'Elena', 'Gutierrez', 'elena.g@email.com', 'Costarricense', 2);
INSERT INTO TAB_CLIENTE (ID_CLIENTE, NOMBRE, APELLIDOS, CORREO, NACIONALIDAD, ID_DOMICILIO) VALUES (2, 'Roberto', 'Sánchez', 'roberto.s@email.com', 'Costarricense', 1);
INSERT INTO TAB_CLIENTE (ID_CLIENTE, NOMBRE, APELLIDOS, CORREO, NACIONALIDAD, ID_DOMICILIO) VALUES (3, 'María', 'López', 'maria.l@email.com', 'Extranjero', 3);
INSERT INTO TAB_CLIENTE (ID_CLIENTE, NOMBRE, APELLIDOS, CORREO, NACIONALIDAD, ID_DOMICILIO) VALUES (4, 'Pedro', 'Martínez', 'pedro.m@email.com', 'Costarricense', 4);
INSERT INTO TAB_CLIENTE (ID_CLIENTE, NOMBRE, APELLIDOS, CORREO, NACIONALIDAD, ID_DOMICILIO) VALUES (5, 'Laura', 'Chaves', 'laura.c@email.com', 'Extranjero', 5);
INSERT INTO TAB_CLIENTE (ID_CLIENTE, NOMBRE, APELLIDOS, CORREO, NACIONALIDAD, ID_DOMICILIO) VALUES (6, 'Diego', 'Rodríguez', 'diego.r@email.com', 'Costarricense', 2);
INSERT INTO TAB_CLIENTE (ID_CLIENTE, NOMBRE, APELLIDOS, CORREO, NACIONALIDAD, ID_DOMICILIO) VALUES (7, 'Ana', 'Fernández', 'ana.f@email.com', 'Costarricense', 1);
INSERT INTO TAB_CLIENTE (ID_CLIENTE, NOMBRE, APELLIDOS, CORREO, NACIONALIDAD, ID_DOMICILIO) VALUES (8, 'Carlos', 'Díaz', 'carlos.d@email.com', 'Extranjero', 4);
INSERT INTO TAB_CLIENTE (ID_CLIENTE, NOMBRE, APELLIDOS, CORREO, NACIONALIDAD, ID_DOMICILIO) VALUES (9, 'Sofía', 'Herrera', 'sofia.h@email.com', 'Costarricense', 3);
INSERT INTO TAB_CLIENTE (ID_CLIENTE, NOMBRE, APELLIDOS, CORREO, NACIONALIDAD, ID_DOMICILIO) VALUES (10, 'Javier', 'Cruz', 'javier.c@email.com', 'Costarricense', 5);
INSERT INTO TAB_CLIENTE (ID_CLIENTE, NOMBRE, APELLIDOS, CORREO, NACIONALIDAD, ID_DOMICILIO) VALUES (11, 'Gabriela', 'Morales', 'gabriela.m@email.com', 'Extranjero', 2);
INSERT INTO TAB_CLIENTE (ID_CLIENTE, NOMBRE, APELLIDOS, CORREO, NACIONALIDAD, ID_DOMICILIO) VALUES (12, 'Alejandro', 'Gómez', 'alejandro.g@email.com', 'Costarricense', 1);
INSERT INTO TAB_CLIENTE (ID_CLIENTE, NOMBRE, APELLIDOS, CORREO, NACIONALIDAD, ID_DOMICILIO) VALUES (13, 'Mónica', 'Soto', 'monica.s@email.com', 'Extranjero', 3);
INSERT INTO TAB_CLIENTE (ID_CLIENTE, NOMBRE, APELLIDOS, CORREO, NACIONALIDAD, ID_DOMICILIO) VALUES (14, 'Arturo', 'Hernández', 'arturo.h@email.com', 'Costarricense', 4);
INSERT INTO TAB_CLIENTE (ID_CLIENTE, NOMBRE, APELLIDOS, CORREO, NACIONALIDAD, ID_DOMICILIO) VALUES (15, 'Valeria', 'Vargas', 'valeria.v@email.com', 'Costarricense', 5);
INSERT INTO TAB_CLIENTE (ID_CLIENTE, NOMBRE, APELLIDOS, CORREO, NACIONALIDAD, ID_DOMICILIO) VALUES (16, 'Ricardo', 'Ramírez', 'ricardo.r@email.com', 'Extranjero', 2);
INSERT INTO TAB_CLIENTE (ID_CLIENTE, NOMBRE, APELLIDOS, CORREO, NACIONALIDAD, ID_DOMICILIO) VALUES (17, 'Carmen', 'Martínez', 'carmen.m@email.com', 'Costarricense', 1);
INSERT INTO TAB_CLIENTE (ID_CLIENTE, NOMBRE, APELLIDOS, CORREO, NACIONALIDAD, ID_DOMICILIO) VALUES (18, 'Francisco', 'Fernández', 'francisco.f@email.com', 'Extranjero', 4);
INSERT INTO TAB_CLIENTE (ID_CLIENTE, NOMBRE, APELLIDOS, CORREO, NACIONALIDAD, ID_DOMICILIO) VALUES (19, 'Natalia', 'Díaz', 'natalia.d@email.com', 'Costarricense', 3);
INSERT INTO TAB_CLIENTE (ID_CLIENTE, NOMBRE, APELLIDOS, CORREO, NACIONALIDAD, ID_DOMICILIO) VALUES (20, 'Martín', 'Herrera', 'martin.h@email.com', 'Extranjero', 5);
INSERT INTO TAB_CLIENTE (ID_CLIENTE, NOMBRE, APELLIDOS, CORREO, NACIONALIDAD, ID_DOMICILIO) VALUES (21, 'Verónica', 'Cruz', 'veronica.c@email.com', 'Costarricense', 2);
INSERT INTO TAB_CLIENTE (ID_CLIENTE, NOMBRE, APELLIDOS, CORREO, NACIONALIDAD, ID_DOMICILIO) VALUES (22, 'Hugo', 'Gutierrez', 'hugo.g@email.com', 'Costarricense', 1);
INSERT INTO TAB_CLIENTE (ID_CLIENTE, NOMBRE, APELLIDOS, CORREO, NACIONALIDAD, ID_DOMICILIO) VALUES (23, 'Isabella', 'Sánchez', 'isabella.s@email.com', 'Extranjero', 3);
INSERT INTO TAB_CLIENTE (ID_CLIENTE, NOMBRE, APELLIDOS, CORREO, NACIONALIDAD, ID_DOMICILIO) VALUES (24, 'Fernando', 'López', 'fernando.l@email.com', 'Costarricense', 4);
INSERT INTO TAB_CLIENTE (ID_CLIENTE, NOMBRE, APELLIDOS, CORREO, NACIONALIDAD, ID_DOMICILIO) VALUES (25, 'Gabriel', 'Martínez', 'gabriel.m@email.com', 'Costarricense', 5);
INSERT INTO TAB_CLIENTE (ID_CLIENTE, NOMBRE, APELLIDOS, CORREO, NACIONALIDAD, ID_DOMICILIO) VALUES (26, 'Adriana', 'Chaves', 'adriana.c@email.com', 'Extranjero', 2);
INSERT INTO TAB_CLIENTE (ID_CLIENTE, NOMBRE, APELLIDOS, CORREO, NACIONALIDAD, ID_DOMICILIO) VALUES (27, 'Eduardo', 'Rodríguez', 'eduardo.r@email.com', 'Costarricense', 1);
INSERT INTO TAB_CLIENTE (ID_CLIENTE, NOMBRE, APELLIDOS, CORREO, NACIONALIDAD, ID_DOMICILIO) VALUES (28, 'Mariana', 'Fernández', 'mariana.f@email.com', 'Extranjero', 4);
INSERT INTO TAB_CLIENTE (ID_CLIENTE, NOMBRE, APELLIDOS, CORREO, NACIONALIDAD, ID_DOMICILIO) VALUES (29, 'Juan', 'Díaz', 'juan.d@email.com', 'Costarricense', 3);
INSERT INTO TAB_CLIENTE (ID_CLIENTE, NOMBRE, APELLIDOS, CORREO, NACIONALIDAD, ID_DOMICILIO) VALUES (30, 'Luis', 'Herrera', 'luis.h@email.com', 'Extranjero', 5);
INSERT INTO TAB_CLIENTE (ID_CLIENTE, NOMBRE, APELLIDOS, CORREO, NACIONALIDAD, ID_DOMICILIO) VALUES (40, 'Camila', 'Cruz', 'camila.c@email.com', 'Costarricense', 2);
INSERT INTO TAB_CLIENTE (ID_CLIENTE, NOMBRE, APELLIDOS, CORREO, NACIONALIDAD, ID_DOMICILIO) VALUES (41, 'Andrés', 'Gutierrez', 'andres.g@email.com', 'Extranjero', 1);
INSERT INTO TAB_CLIENTE (ID_CLIENTE, NOMBRE, APELLIDOS, CORREO, NACIONALIDAD, ID_DOMICILIO) VALUES (42, 'Lucía', 'Sánchez', 'lucia.s@email.com', 'Costarricense', 3);
INSERT INTO TAB_CLIENTE (ID_CLIENTE, NOMBRE, APELLIDOS, CORREO, NACIONALIDAD, ID_DOMICILIO) VALUES (43, 'Raúl', 'López', 'raul.l@email.com', 'Costarricense', 4);
INSERT INTO TAB_CLIENTE (ID_CLIENTE, NOMBRE, APELLIDOS, CORREO, NACIONALIDAD, ID_DOMICILIO) VALUES (44, 'Patricia', 'Martínez', 'patricia.m@email.com', 'Extranjero', 5);
INSERT INTO TAB_CLIENTE (ID_CLIENTE, NOMBRE, APELLIDOS, CORREO, NACIONALIDAD, ID_DOMICILIO) VALUES (45, 'Joaquín', 'Vargas', 'joaquin.v@email.com', 'Costarricense', 2);
INSERT INTO TAB_CLIENTE (ID_CLIENTE, NOMBRE, APELLIDOS, CORREO, NACIONALIDAD, ID_DOMICILIO) VALUES (46, 'Carolina', 'Ramírez', 'carolina.r@email.com', 'Extranjero', 1);
INSERT INTO TAB_CLIENTE (ID_CLIENTE, NOMBRE, APELLIDOS, CORREO, NACIONALIDAD, ID_DOMICILIO) VALUES (47, 'Sebastián', 'Fernández', 'sebastian.f@email.com', 'Costarricense', 4);
INSERT INTO TAB_CLIENTE (ID_CLIENTE, NOMBRE, APELLIDOS, CORREO, NACIONALIDAD, ID_DOMICILIO) VALUES (48, 'Valentina', 'Díaz', 'valentina.d@email.com', 'Extranjero', 3);
INSERT INTO TAB_CLIENTE (ID_CLIENTE, NOMBRE, APELLIDOS, CORREO, NACIONALIDAD, ID_DOMICILIO) VALUES (49, 'Carlos', 'Díaz', 'Carlos.d@email.com', 'Extranjero', 5);
INSERT INTO TAB_CLIENTE (ID_CLIENTE, NOMBRE, APELLIDOS, CORREO, NACIONALIDAD, ID_DOMICILIO) VALUES (50, 'Joan', 'Rojas', 'Joan.R@email.com', 'Costarricense', 3);

/*20 registros tabla vuelos*/

-- Insertando datos de ejemplo en la tabla TAB_VUELOS
INSERT INTO TAB_VUELOS (ID_VUELO, ID_AVION, ID_HORARIO, ID_CIUDAD_PROCEDENCIA, DESTINO) VALUES (1, 1, 1, 1, 'Nueva York');
INSERT INTO TAB_VUELOS (ID_VUELO, ID_AVION, ID_HORARIO, ID_CIUDAD_PROCEDENCIA, DESTINO) VALUES (2, 2, 2, 2, 'París');
INSERT INTO TAB_VUELOS (ID_VUELO, ID_AVION, ID_HORARIO, ID_CIUDAD_PROCEDENCIA, DESTINO) VALUES (3, 3, 3, 3, 'Tokio');
INSERT INTO TAB_VUELOS (ID_VUELO, ID_AVION, ID_HORARIO, ID_CIUDAD_PROCEDENCIA, DESTINO) VALUES (4, 4, 4, 4, 'Sídney');
INSERT INTO TAB_VUELOS (ID_VUELO, ID_AVION, ID_HORARIO, ID_CIUDAD_PROCEDENCIA, DESTINO) VALUES (5, 5, 5, 5, 'Londres');
INSERT INTO TAB_VUELOS (ID_VUELO, ID_AVION, ID_HORARIO, ID_CIUDAD_PROCEDENCIA, DESTINO) VALUES (6, 6, 6, 6, 'Roma');
INSERT INTO TAB_VUELOS (ID_VUELO, ID_AVION, ID_HORARIO, ID_CIUDAD_PROCEDENCIA, DESTINO) VALUES (7, 7, 7, 7, 'Pekín');
INSERT INTO TAB_VUELOS (ID_VUELO, ID_AVION, ID_HORARIO, ID_CIUDAD_PROCEDENCIA, DESTINO) VALUES (8, 8, 8, 8, 'Ciudad del Cabo');
INSERT INTO TAB_VUELOS (ID_VUELO, ID_AVION, ID_HORARIO, ID_CIUDAD_PROCEDENCIA, DESTINO) VALUES (9, 9, 9, 9, 'Toronto');
INSERT INTO TAB_VUELOS (ID_VUELO, ID_AVION, ID_HORARIO, ID_CIUDAD_PROCEDENCIA, DESTINO) VALUES (10, 10, 10, 10, 'Madrid');
INSERT INTO TAB_VUELOS (ID_VUELO, ID_AVION, ID_HORARIO, ID_CIUDAD_PROCEDENCIA, DESTINO) VALUES (11, 11, 11, 11, 'Berlín');
INSERT INTO TAB_VUELOS (ID_VUELO, ID_AVION, ID_HORARIO, ID_CIUDAD_PROCEDENCIA, DESTINO) VALUES (12, 12, 12, 12, 'Ámsterdam');
INSERT INTO TAB_VUELOS (ID_VUELO, ID_AVION, ID_HORARIO, ID_CIUDAD_PROCEDENCIA, DESTINO) VALUES (13, 13, 13, 13, 'Dubái');
INSERT INTO TAB_VUELOS (ID_VUELO, ID_AVION, ID_HORARIO, ID_CIUDAD_PROCEDENCIA, DESTINO) VALUES (14, 14, 14, 14, 'Buenos Aires');
INSERT INTO TAB_VUELOS (ID_VUELO, ID_AVION, ID_HORARIO, ID_CIUDAD_PROCEDENCIA, DESTINO) VALUES (15, 15, 15, 15, 'Singapur');
INSERT INTO TAB_VUELOS (ID_VUELO, ID_AVION, ID_HORARIO, ID_CIUDAD_PROCEDENCIA, DESTINO) VALUES (16, 16, 16, 16, 'Dublín');
INSERT INTO TAB_VUELOS (ID_VUELO, ID_AVION, ID_HORARIO, ID_CIUDAD_PROCEDENCIA, DESTINO) VALUES (17, 17, 17, 17, 'Moscú');
INSERT INTO TAB_VUELOS (ID_VUELO, ID_AVION, ID_HORARIO, ID_CIUDAD_PROCEDENCIA, DESTINO) VALUES (18, 18, 18, 18, 'Atenas');
INSERT INTO TAB_VUELOS (ID_VUELO, ID_AVION, ID_HORARIO, ID_CIUDAD_PROCEDENCIA, DESTINO) VALUES (19, 19, 19, 19, 'Viena');
INSERT INTO TAB_VUELOS (ID_VUELO, ID_AVION, ID_HORARIO, ID_CIUDAD_PROCEDENCIA, DESTINO) VALUES (20, 20, 20, 20, 'Praga');


/*20 registros tabla reserva*/

-- Insertando datos de ejemplo en la tabla TAB_RESERVAS
INSERT INTO TAB_RESERVAS (ID_RESERVA, PRECIO, ID_CLIENTE, ID_VUELO, ID_HORARIO, DESCRIPCION) VALUES (1, 250.00, 1, 3, 5, 'Reserva para viaje de negocios');
INSERT INTO TAB_RESERVAS (ID_RESERVA, PRECIO, ID_CLIENTE, ID_VUELO, ID_HORARIO, DESCRIPCION) VALUES (2, 180.50, 5, 7, 10, 'Reserva para vacaciones en familia');
INSERT INTO TAB_RESERVAS (ID_RESERVA, PRECIO, ID_CLIENTE, ID_VUELO, ID_HORARIO, DESCRIPCION) VALUES (3, 300.00, 8, 2, 1, 'Reserva para conferencia internacional');
INSERT INTO TAB_RESERVAS (ID_RESERVA, PRECIO, ID_CLIENTE, ID_VUELO, ID_HORARIO, DESCRIPCION) VALUES (4, 150.75, 12, 6, 15, 'Reserva para escapada de fin de semana');
INSERT INTO TAB_RESERVAS (ID_RESERVA, PRECIO, ID_CLIENTE, ID_VUELO, ID_HORARIO, DESCRIPCION) VALUES (5, 220.20, 16, 10, 8, 'Reserva para visitar a familiares');
INSERT INTO TAB_RESERVAS (ID_RESERVA, PRECIO, ID_CLIENTE, ID_VUELO, ID_HORARIO, DESCRIPCION) VALUES (6, 280.50, 20, 15, 12, 'Reserva para aventura en el extranjero');
INSERT INTO TAB_RESERVAS (ID_RESERVA, PRECIO, ID_CLIENTE, ID_VUELO, ID_HORARIO, DESCRIPCION) VALUES (7, 190.80, 4, 8, 4, 'Reserva para viaje de estudios');
INSERT INTO TAB_RESERVAS (ID_RESERVA, PRECIO, ID_CLIENTE, ID_VUELO, ID_HORARIO, DESCRIPCION) VALUES (8, 260.25, 9, 1, 18, 'Reserva para evento cultural');
INSERT INTO TAB_RESERVAS (ID_RESERVA, PRECIO, ID_CLIENTE, ID_VUELO, ID_HORARIO, DESCRIPCION) VALUES (9, 175.00, 13, 14, 20, 'Reserva para luna de miel');
INSERT INTO TAB_RESERVAS (ID_RESERVA, PRECIO, ID_CLIENTE, ID_VUELO, ID_HORARIO, DESCRIPCION) VALUES (10, 310.75, 17, 18, 14, 'Reserva para explorar nuevos destinos');
INSERT INTO TAB_RESERVAS (ID_RESERVA, PRECIO, ID_CLIENTE, ID_VUELO, ID_HORARIO, DESCRIPCION) VALUES (11, 200.50, 2, 4, 7, 'Reserva para visita turística');
INSERT INTO TAB_RESERVAS (ID_RESERVA, PRECIO, ID_CLIENTE, ID_VUELO, ID_HORARIO, DESCRIPCION) VALUES (12, 270.00, 6, 11, 3, 'Reserva para participar en feria internacional');
INSERT INTO TAB_RESERVAS (ID_RESERVA, PRECIO, ID_CLIENTE, ID_VUELO, ID_HORARIO, DESCRIPCION) VALUES (13, 185.25, 10, 9, 17, 'Reserva para retiro espiritual');
INSERT INTO TAB_RESERVAS (ID_RESERVA, PRECIO, ID_CLIENTE, ID_VUELO, ID_HORARIO, DESCRIPCION) VALUES (14, 240.80, 14, 16, 6, 'Reserva para asistir a concierto');
INSERT INTO TAB_RESERVAS (ID_RESERVA, PRECIO, ID_CLIENTE, ID_VUELO, ID_HORARIO, DESCRIPCION) VALUES (15, 195.30, 18, 20, 9, 'Reserva para vacaciones de invierno');
INSERT INTO TAB_RESERVAS (ID_RESERVA, PRECIO, ID_CLIENTE, ID_VUELO, ID_HORARIO, DESCRIPCION) VALUES (16, 320.00, 3, 5, 13, 'Reserva para visita a amigos en el extranjero');
INSERT INTO TAB_RESERVAS (ID_RESERVA, PRECIO, ID_CLIENTE, ID_VUELO, ID_HORARIO, DESCRIPCION) VALUES (17, 210.50, 7, 12, 2, 'Reserva para escapada romántica');
INSERT INTO TAB_RESERVAS (ID_RESERVA, PRECIO, ID_CLIENTE, ID_VUELO, ID_HORARIO, DESCRIPCION) VALUES (18, 285.75, 11, 17, 11, 'Reserva para participar en evento deportivo');
INSERT INTO TAB_RESERVAS (ID_RESERVA, PRECIO, ID_CLIENTE, ID_VUELO, ID_HORARIO, DESCRIPCION) VALUES (19, 160.20, 15, 19, 16, 'Reserva para disfrutar de la playa');
INSERT INTO TAB_RESERVAS (ID_RESERVA, PRECIO, ID_CLIENTE, ID_VUELO, ID_HORARIO, DESCRIPCION) VALUES (20, 230.00, 19, 13, 19, 'Reserva para explorar la naturaleza');
INSERT INTO TAB_RESERVAS (ID_RESERVA, PRECIO, ID_CLIENTE, ID_VUELO, ID_HORARIO, DESCRIPCION) VALUES (21, 280.56, 4, 5, 15, 'Reserva de vuelo');
INSERT INTO TAB_RESERVAS (ID_RESERVA, PRECIO, ID_CLIENTE, ID_VUELO, ID_HORARIO, DESCRIPCION) VALUES (22, 152.36, 9, 17, 8, 'Reserva de vuelo');
INSERT INTO TAB_RESERVAS (ID_RESERVA, PRECIO, ID_CLIENTE, ID_VUELO, ID_HORARIO, DESCRIPCION) VALUES (23, 134.9, 1, 17, 19, 'Reserva de vuelo');
INSERT INTO TAB_RESERVAS (ID_RESERVA, PRECIO, ID_CLIENTE, ID_VUELO, ID_HORARIO, DESCRIPCION) VALUES (24, 274.81, 6, 4, 6, 'Reserva de vuelo');
INSERT INTO TAB_RESERVAS (ID_RESERVA, PRECIO, ID_CLIENTE, ID_VUELO, ID_HORARIO, DESCRIPCION) VALUES (25, 159.84, 16, 1, 6, 'Reserva de vuelo');
INSERT INTO TAB_RESERVAS (ID_RESERVA, PRECIO, ID_CLIENTE, ID_VUELO, ID_HORARIO, DESCRIPCION) VALUES (26, 259.81, 18, 15, 7, 'Reserva de vuelo');
INSERT INTO TAB_RESERVAS (ID_RESERVA, PRECIO, ID_CLIENTE, ID_VUELO, ID_HORARIO, DESCRIPCION) VALUES (27, 284.31, 7, 10, 7, 'Reserva de vuelo');
INSERT INTO TAB_RESERVAS (ID_RESERVA, PRECIO, ID_CLIENTE, ID_VUELO, ID_HORARIO, DESCRIPCION) VALUES (28, 152.0, 19, 2, 20, 'Reserva de vuelo');
INSERT INTO TAB_RESERVAS (ID_RESERVA, PRECIO, ID_CLIENTE, ID_VUELO, ID_HORARIO, DESCRIPCION) VALUES (29, 184.87, 20, 5, 19, 'Reserva de vuelo');
INSERT INTO TAB_RESERVAS (ID_RESERVA, PRECIO, ID_CLIENTE, ID_VUELO, ID_HORARIO, DESCRIPCION) VALUES (30, 224.65, 13, 13, 2, 'Reserva de vuelo');
INSERT INTO TAB_RESERVAS (ID_RESERVA, PRECIO, ID_CLIENTE, ID_VUELO, ID_HORARIO, DESCRIPCION) VALUES (31, 246.75, 16, 4, 7, 'Reserva de vuelo');
INSERT INTO TAB_RESERVAS (ID_RESERVA, PRECIO, ID_CLIENTE, ID_VUELO, ID_HORARIO, DESCRIPCION) VALUES (32, 221.18, 2, 16, 15, 'Reserva de vuelo');
INSERT INTO TAB_RESERVAS (ID_RESERVA, PRECIO, ID_CLIENTE, ID_VUELO, ID_HORARIO, DESCRIPCION) VALUES (33, 236.35, 18, 19, 10, 'Reserva de vuelo');
INSERT INTO TAB_RESERVAS (ID_RESERVA, PRECIO, ID_CLIENTE, ID_VUELO, ID_HORARIO, DESCRIPCION) VALUES (34, 398.87, 4, 1, 20, 'Reserva de vuelo');
INSERT INTO TAB_RESERVAS (ID_RESERVA, PRECIO, ID_CLIENTE, ID_VUELO, ID_HORARIO, DESCRIPCION) VALUES (35, 191.19, 19, 18, 16, 'Reserva de vuelo');
INSERT INTO TAB_RESERVAS (ID_RESERVA, PRECIO, ID_CLIENTE, ID_VUELO, ID_HORARIO, DESCRIPCION) VALUES (36, 275.32, 3, 3, 3, 'Reserva de vuelo');
INSERT INTO TAB_RESERVAS (ID_RESERVA, PRECIO, ID_CLIENTE, ID_VUELO, ID_HORARIO, DESCRIPCION) VALUES (37, 217.56, 8, 11, 6, 'Reserva de vuelo');
INSERT INTO TAB_RESERVAS (ID_RESERVA, PRECIO, ID_CLIENTE, ID_VUELO, ID_HORARIO, DESCRIPCION) VALUES (38, 295.76, 5, 7, 8, 'Reserva de vuelo');
INSERT INTO TAB_RESERVAS (ID_RESERVA, PRECIO, ID_CLIENTE, ID_VUELO, ID_HORARIO, DESCRIPCION) VALUES (39, 210.78, 7, 13, 20, 'Reserva de vuelo');
INSERT INTO TAB_RESERVAS (ID_RESERVA, PRECIO, ID_CLIENTE, ID_VUELO, ID_HORARIO, DESCRIPCION) VALUES (40, 387.02, 10, 7, 3, 'Reserva de vuelo');
INSERT INTO TAB_RESERVAS (ID_RESERVA, PRECIO, ID_CLIENTE, ID_VUELO, ID_HORARIO, DESCRIPCION) VALUES (41, 340.97, 20, 1, 16, 'Reserva de vuelo');
INSERT INTO TAB_RESERVAS (ID_RESERVA, PRECIO, ID_CLIENTE, ID_VUELO, ID_HORARIO, DESCRIPCION) VALUES (42, 157.56, 19, 2, 6, 'Reserva de vuelo');
INSERT INTO TAB_RESERVAS (ID_RESERVA, PRECIO, ID_CLIENTE, ID_VUELO, ID_HORARIO, DESCRIPCION) VALUES (43, 145.9, 2, 19, 16, 'Reserva de vuelo');
INSERT INTO TAB_RESERVAS (ID_RESERVA, PRECIO, ID_CLIENTE, ID_VUELO, ID_HORARIO, DESCRIPCION) VALUES (44, 380.58, 12, 2, 15, 'Reserva de vuelo');
INSERT INTO TAB_RESERVAS (ID_RESERVA, PRECIO, ID_CLIENTE, ID_VUELO, ID_HORARIO, DESCRIPCION) VALUES (45, 244.54, 16, 1, 10, 'Reserva de vuelo');
INSERT INTO TAB_RESERVAS (ID_RESERVA, PRECIO, ID_CLIENTE, ID_VUELO, ID_HORARIO, DESCRIPCION) VALUES (46, 194.38, 11, 2, 7, 'Reserva de vuelo');
INSERT INTO TAB_RESERVAS (ID_RESERVA, PRECIO, ID_CLIENTE, ID_VUELO, ID_HORARIO, DESCRIPCION) VALUES (47, 289.6, 9, 8, 16, 'Reserva de vuelo');
INSERT INTO TAB_RESERVAS (ID_RESERVA, PRECIO, ID_CLIENTE, ID_VUELO, ID_HORARIO, DESCRIPCION) VALUES (48, 166.62, 11, 2, 12, 'Reserva de vuelo');
INSERT INTO TAB_RESERVAS (ID_RESERVA, PRECIO, ID_CLIENTE, ID_VUELO, ID_HORARIO, DESCRIPCION) VALUES (49, 233.99, 5, 9, 5, 'Reserva de vuelo');
INSERT INTO TAB_RESERVAS (ID_RESERVA, PRECIO, ID_CLIENTE, ID_VUELO, ID_HORARIO, DESCRIPCION) VALUES (50, 286.5, 5, 7, 1, 'Reserva de vuelo');
INSERT INTO TAB_RESERVAS (ID_RESERVA, PRECIO, ID_CLIENTE, ID_VUELO, ID_HORARIO, DESCRIPCION) VALUES (51, 282.01, 3, 5, 7, 'Reserva de vuelo');
INSERT INTO TAB_RESERVAS (ID_RESERVA, PRECIO, ID_CLIENTE, ID_VUELO, ID_HORARIO, DESCRIPCION) VALUES (52, 253.01, 10, 11, 15, 'Reserva de vuelo');
INSERT INTO TAB_RESERVAS (ID_RESERVA, PRECIO, ID_CLIENTE, ID_VUELO, ID_HORARIO, DESCRIPCION) VALUES (53, 261.81, 3, 2, 17, 'Reserva de vuelo');
INSERT INTO TAB_RESERVAS (ID_RESERVA, PRECIO, ID_CLIENTE, ID_VUELO, ID_HORARIO, DESCRIPCION) VALUES (54, 200.01, 16, 19, 13, 'Reserva de vuelo');
INSERT INTO TAB_RESERVAS (ID_RESERVA, PRECIO, ID_CLIENTE, ID_VUELO, ID_HORARIO, DESCRIPCION) VALUES (55, 326.86, 14, 5, 3, 'Reserva de vuelo');
INSERT INTO TAB_RESERVAS (ID_RESERVA, PRECIO, ID_CLIENTE, ID_VUELO, ID_HORARIO, DESCRIPCION) VALUES (56, 303.24, 17, 9, 17, 'Reserva de vuelo');
INSERT INTO TAB_RESERVAS (ID_RESERVA, PRECIO, ID_CLIENTE, ID_VUELO, ID_HORARIO, DESCRIPCION) VALUES (57, 289.82, 18, 18, 15, 'Reserva de vuelo');
INSERT INTO TAB_RESERVAS (ID_RESERVA, PRECIO, ID_CLIENTE, ID_VUELO, ID_HORARIO, DESCRIPCION) VALUES (58, 262.77, 3, 8, 1, 'Reserva de vuelo');
INSERT INTO TAB_RESERVAS (ID_RESERVA, PRECIO, ID_CLIENTE, ID_VUELO, ID_HORARIO, DESCRIPCION) VALUES (59, 378.11, 10, 8, 16, 'Reserva de vuelo');
INSERT INTO TAB_RESERVAS (ID_RESERVA, PRECIO, ID_CLIENTE, ID_VUELO, ID_HORARIO, DESCRIPCION) VALUES (60, 357.98, 16, 6, 4, 'Reserva de vuelo');
INSERT INTO TAB_RESERVAS (ID_RESERVA, PRECIO, ID_CLIENTE, ID_VUELO, ID_HORARIO, DESCRIPCION) VALUES (61, 329.9, 2, 2, 13, 'Reserva de vuelo');
INSERT INTO TAB_RESERVAS (ID_RESERVA, PRECIO, ID_CLIENTE, ID_VUELO, ID_HORARIO, DESCRIPCION) VALUES (62, 380.18, 5, 5, 20, 'Reserva de vuelo');
INSERT INTO TAB_RESERVAS (ID_RESERVA, PRECIO, ID_CLIENTE, ID_VUELO, ID_HORARIO, DESCRIPCION) VALUES (63, 153.15, 16, 9, 20, 'Reserva de vuelo');
INSERT INTO TAB_RESERVAS (ID_RESERVA, PRECIO, ID_CLIENTE, ID_VUELO, ID_HORARIO, DESCRIPCION) VALUES (64, 199.22, 12, 12, 4, 'Reserva de vuelo');
INSERT INTO TAB_RESERVAS (ID_RESERVA, PRECIO, ID_CLIENTE, ID_VUELO, ID_HORARIO, DESCRIPCION) VALUES (65, 249.03, 19, 9, 1, 'Reserva de vuelo');
INSERT INTO TAB_RESERVAS (ID_RESERVA, PRECIO, ID_CLIENTE, ID_VUELO, ID_HORARIO, DESCRIPCION) VALUES (66, 302.88, 2, 14, 14, 'Reserva de vuelo');
INSERT INTO TAB_RESERVAS (ID_RESERVA, PRECIO, ID_CLIENTE, ID_VUELO, ID_HORARIO, DESCRIPCION) VALUES (67, 193.63, 6, 16, 11, 'Reserva de vuelo');
INSERT INTO TAB_RESERVAS (ID_RESERVA, PRECIO, ID_CLIENTE, ID_VUELO, ID_HORARIO, DESCRIPCION) VALUES (68, 235.83, 1, 9, 1, 'Reserva de vuelo');
INSERT INTO TAB_RESERVAS (ID_RESERVA, PRECIO, ID_CLIENTE, ID_VUELO, ID_HORARIO, DESCRIPCION) VALUES (69, 230.87, 5, 19, 8, 'Reserva de vuelo');
INSERT INTO TAB_RESERVAS (ID_RESERVA, PRECIO, ID_CLIENTE, ID_VUELO, ID_HORARIO, DESCRIPCION) VALUES (70, 324.54, 1, 15, 3, 'Reserva de vuelo');
INSERT INTO TAB_RESERVAS (ID_RESERVA, PRECIO, ID_CLIENTE, ID_VUELO, ID_HORARIO, DESCRIPCION) VALUES (71, 111.34, 13, 10, 17, 'Reserva de vuelo');
INSERT INTO TAB_RESERVAS (ID_RESERVA, PRECIO, ID_CLIENTE, ID_VUELO, ID_HORARIO, DESCRIPCION) VALUES (72, 190.43, 10, 11, 6, 'Reserva de vuelo');
INSERT INTO TAB_RESERVAS (ID_RESERVA, PRECIO, ID_CLIENTE, ID_VUELO, ID_HORARIO, DESCRIPCION) VALUES (73, 311.92, 11, 13, 14, 'Reserva de vuelo');
INSERT INTO TAB_RESERVAS (ID_RESERVA, PRECIO, ID_CLIENTE, ID_VUELO, ID_HORARIO, DESCRIPCION) VALUES (74, 327.6, 2, 16, 2, 'Reserva de vuelo');
INSERT INTO TAB_RESERVAS (ID_RESERVA, PRECIO, ID_CLIENTE, ID_VUELO, ID_HORARIO, DESCRIPCION) VALUES (75, 154.41, 17, 11, 4, 'Reserva de vuelo');
INSERT INTO TAB_RESERVAS (ID_RESERVA, PRECIO, ID_CLIENTE, ID_VUELO, ID_HORARIO, DESCRIPCION) VALUES (76, 198.99, 10, 2, 15, 'Reserva de vuelo');
INSERT INTO TAB_RESERVAS (ID_RESERVA, PRECIO, ID_CLIENTE, ID_VUELO, ID_HORARIO, DESCRIPCION) VALUES (77, 275.0, 15, 8, 11, 'Reserva de vuelo');
INSERT INTO TAB_RESERVAS (ID_RESERVA, PRECIO, ID_CLIENTE, ID_VUELO, ID_HORARIO, DESCRIPCION) VALUES (78, 127.88, 15, 16, 7, 'Reserva de vuelo');
INSERT INTO TAB_RESERVAS (ID_RESERVA, PRECIO, ID_CLIENTE, ID_VUELO, ID_HORARIO, DESCRIPCION) VALUES (79, 154.11, 8, 5, 19, 'Reserva de vuelo');
INSERT INTO TAB_RESERVAS (ID_RESERVA, PRECIO, ID_CLIENTE, ID_VUELO, ID_HORARIO, DESCRIPCION) VALUES (80, 237.55, 15, 8, 13, 'Reserva de vuelo');
INSERT INTO TAB_RESERVAS (ID_RESERVA, PRECIO, ID_CLIENTE, ID_VUELO, ID_HORARIO, DESCRIPCION) VALUES (81, 125.22, 19, 8, 7, 'Reserva de vuelo');
INSERT INTO TAB_RESERVAS (ID_RESERVA, PRECIO, ID_CLIENTE, ID_VUELO, ID_HORARIO, DESCRIPCION) VALUES (82, 328.65, 14, 8, 12, 'Reserva de vuelo');
INSERT INTO TAB_RESERVAS (ID_RESERVA, PRECIO, ID_CLIENTE, ID_VUELO, ID_HORARIO, DESCRIPCION) VALUES (83, 214.57, 15, 16, 19, 'Reserva de vuelo');
INSERT INTO TAB_RESERVAS (ID_RESERVA, PRECIO, ID_CLIENTE, ID_VUELO, ID_HORARIO, DESCRIPCION) VALUES (84, 396.86, 18, 13, 2, 'Reserva de vuelo');
INSERT INTO TAB_RESERVAS (ID_RESERVA, PRECIO, ID_CLIENTE, ID_VUELO, ID_HORARIO, DESCRIPCION) VALUES (85, 139.7, 3, 13, 1, 'Reserva de vuelo');
INSERT INTO TAB_RESERVAS (ID_RESERVA, PRECIO, ID_CLIENTE, ID_VUELO, ID_HORARIO, DESCRIPCION) VALUES (86, 119.22, 18, 20, 9, 'Reserva de vuelo');
INSERT INTO TAB_RESERVAS (ID_RESERVA, PRECIO, ID_CLIENTE, ID_VUELO, ID_HORARIO, DESCRIPCION) VALUES (87, 210.07, 1, 13, 18, 'Reserva de vuelo');
INSERT INTO TAB_RESERVAS (ID_RESERVA, PRECIO, ID_CLIENTE, ID_VUELO, ID_HORARIO, DESCRIPCION) VALUES (88, 253.36, 3, 13, 20, 'Reserva de vuelo');
INSERT INTO TAB_RESERVAS (ID_RESERVA, PRECIO, ID_CLIENTE, ID_VUELO, ID_HORARIO, DESCRIPCION) VALUES (89, 350.24, 20, 1, 17, 'Reserva de vuelo');
INSERT INTO TAB_RESERVAS (ID_RESERVA, PRECIO, ID_CLIENTE, ID_VUELO, ID_HORARIO, DESCRIPCION) VALUES (90, 299.63, 19, 3, 7, 'Reserva de vuelo');
INSERT INTO TAB_RESERVAS (ID_RESERVA, PRECIO, ID_CLIENTE, ID_VUELO, ID_HORARIO, DESCRIPCION) VALUES (91, 301.87, 2, 18, 20, 'Reserva de vuelo');
INSERT INTO TAB_RESERVAS (ID_RESERVA, PRECIO, ID_CLIENTE, ID_VUELO, ID_HORARIO, DESCRIPCION) VALUES (92, 315.17, 14, 16, 4, 'Reserva de vuelo');
INSERT INTO TAB_RESERVAS (ID_RESERVA, PRECIO, ID_CLIENTE, ID_VUELO, ID_HORARIO, DESCRIPCION) VALUES (93, 177.63, 6, 16, 11, 'Reserva de vuelo');
INSERT INTO TAB_RESERVAS (ID_RESERVA, PRECIO, ID_CLIENTE, ID_VUELO, ID_HORARIO, DESCRIPCION) VALUES (94, 361.94, 9, 1, 20, 'Reserva de vuelo');
INSERT INTO TAB_RESERVAS (ID_RESERVA, PRECIO, ID_CLIENTE, ID_VUELO, ID_HORARIO, DESCRIPCION) VALUES (95, 134.23, 8, 18, 19, 'Reserva de vuelo');
INSERT INTO TAB_RESERVAS (ID_RESERVA, PRECIO, ID_CLIENTE, ID_VUELO, ID_HORARIO, DESCRIPCION) VALUES (96, 307.4, 11, 7, 16, 'Reserva de vuelo');
INSERT INTO TAB_RESERVAS (ID_RESERVA, PRECIO, ID_CLIENTE, ID_VUELO, ID_HORARIO, DESCRIPCION) VALUES (97, 262.52, 8, 20, 17, 'Reserva de vuelo');
INSERT INTO TAB_RESERVAS (ID_RESERVA, PRECIO, ID_CLIENTE, ID_VUELO, ID_HORARIO, DESCRIPCION) VALUES (98, 257.62, 17, 3, 19, 'Reserva de vuelo');
INSERT INTO TAB_RESERVAS (ID_RESERVA, PRECIO, ID_CLIENTE, ID_VUELO, ID_HORARIO, DESCRIPCION) VALUES (99, 277.94, 5, 13, 8, 'Reserva de vuelo');
INSERT INTO TAB_RESERVAS (ID_RESERVA, PRECIO, ID_CLIENTE, ID_VUELO, ID_HORARIO, DESCRIPCION) VALUES (100, 299.55, 16, 15, 16, 'Reserva de vuelo');
INSERT INTO TAB_RESERVAS (ID_RESERVA, PRECIO, ID_CLIENTE, ID_VUELO, ID_HORARIO, DESCRIPCION) VALUES (101, 330.24, 9, 7, 11, 'Reserva de vuelo');
INSERT INTO TAB_RESERVAS (ID_RESERVA, PRECIO, ID_CLIENTE, ID_VUELO, ID_HORARIO, DESCRIPCION) VALUES (102, 213.49, 7, 11, 18, 'Reserva de vuelo');
INSERT INTO TAB_RESERVAS (ID_RESERVA, PRECIO, ID_CLIENTE, ID_VUELO, ID_HORARIO, DESCRIPCION) VALUES (103, 169.04, 2, 2, 17, 'Reserva de vuelo');
INSERT INTO TAB_RESERVAS (ID_RESERVA, PRECIO, ID_CLIENTE, ID_VUELO, ID_HORARIO, DESCRIPCION) VALUES (104, 339.05, 7, 3, 20, 'Reserva de vuelo');
INSERT INTO TAB_RESERVAS (ID_RESERVA, PRECIO, ID_CLIENTE, ID_VUELO, ID_HORARIO, DESCRIPCION) VALUES (105, 105.07, 6, 20, 8, 'Reserva de vuelo');
INSERT INTO TAB_RESERVAS (ID_RESERVA, PRECIO, ID_CLIENTE, ID_VUELO, ID_HORARIO, DESCRIPCION) VALUES (106, 152.67, 19, 15, 14, 'Reserva de vuelo');
INSERT INTO TAB_RESERVAS (ID_RESERVA, PRECIO, ID_CLIENTE, ID_VUELO, ID_HORARIO, DESCRIPCION) VALUES (107, 239.78, 8, 7, 17, 'Reserva de vuelo');
INSERT INTO TAB_RESERVAS (ID_RESERVA, PRECIO, ID_CLIENTE, ID_VUELO, ID_HORARIO, DESCRIPCION) VALUES (108, 149.52, 16, 18, 1, 'Reserva de vuelo');
INSERT INTO TAB_RESERVAS (ID_RESERVA, PRECIO, ID_CLIENTE, ID_VUELO, ID_HORARIO, DESCRIPCION) VALUES (109, 387.55, 16, 11, 8, 'Reserva de vuelo');
INSERT INTO TAB_RESERVAS (ID_RESERVA, PRECIO, ID_CLIENTE, ID_VUELO, ID_HORARIO, DESCRIPCION) VALUES (110, 266.34, 3, 13, 18, 'Reserva de vuelo');
INSERT INTO TAB_RESERVAS (ID_RESERVA, PRECIO, ID_CLIENTE, ID_VUELO, ID_HORARIO, DESCRIPCION) VALUES (111, 142.88, 6, 13, 2, 'Reserva de vuelo');
INSERT INTO TAB_RESERVAS (ID_RESERVA, PRECIO, ID_CLIENTE, ID_VUELO, ID_HORARIO, DESCRIPCION) VALUES (112, 115.7, 7, 4, 6, 'Reserva de vuelo');
INSERT INTO TAB_RESERVAS (ID_RESERVA, PRECIO, ID_CLIENTE, ID_VUELO, ID_HORARIO, DESCRIPCION) VALUES (113, 298.77, 16, 16, 11, 'Reserva de vuelo');
INSERT INTO TAB_RESERVAS (ID_RESERVA, PRECIO, ID_CLIENTE, ID_VUELO, ID_HORARIO, DESCRIPCION) VALUES (114, 132.19, 10, 12, 1, 'Reserva de vuelo');
INSERT INTO TAB_RESERVAS (ID_RESERVA, PRECIO, ID_CLIENTE, ID_VUELO, ID_HORARIO, DESCRIPCION) VALUES (115, 107.78, 10, 6, 2, 'Reserva de vuelo');
INSERT INTO TAB_RESERVAS (ID_RESERVA, PRECIO, ID_CLIENTE, ID_VUELO, ID_HORARIO, DESCRIPCION) VALUES (116, 128.55, 1, 11, 18, 'Reserva de vuelo');
INSERT INTO TAB_RESERVAS (ID_RESERVA, PRECIO, ID_CLIENTE, ID_VUELO, ID_HORARIO, DESCRIPCION) VALUES (117, 315.01, 16, 9, 12, 'Reserva de vuelo');
INSERT INTO TAB_RESERVAS (ID_RESERVA, PRECIO, ID_CLIENTE, ID_VUELO, ID_HORARIO, DESCRIPCION) VALUES (118, 181.49, 11, 17, 19, 'Reserva de vuelo');
INSERT INTO TAB_RESERVAS (ID_RESERVA, PRECIO, ID_CLIENTE, ID_VUELO, ID_HORARIO, DESCRIPCION) VALUES (119, 384.65, 18, 19, 19, 'Reserva de vuelo');
INSERT INTO TAB_RESERVAS (ID_RESERVA, PRECIO, ID_CLIENTE, ID_VUELO, ID_HORARIO, DESCRIPCION) VALUES (120, 267.75, 3, 10, 20, 'Reserva de vuelo');
INSERT INTO TAB_RESERVAS (ID_RESERVA, PRECIO, ID_CLIENTE, ID_VUELO, ID_HORARIO, DESCRIPCION) VALUES (121, 108.26, 2, 13, 12, 'Reserva de vuelo');
INSERT INTO TAB_RESERVAS (ID_RESERVA, PRECIO, ID_CLIENTE, ID_VUELO, ID_HORARIO, DESCRIPCION) VALUES (122, 284.83, 2, 13, 14, 'Reserva de vuelo');
INSERT INTO TAB_RESERVAS (ID_RESERVA, PRECIO, ID_CLIENTE, ID_VUELO, ID_HORARIO, DESCRIPCION) VALUES (123, 245.66, 20, 14, 15, 'Reserva de vuelo');
INSERT INTO TAB_RESERVAS (ID_RESERVA, PRECIO, ID_CLIENTE, ID_VUELO, ID_HORARIO, DESCRIPCION) VALUES (124, 231.14, 6, 14, 8, 'Reserva de vuelo');
INSERT INTO TAB_RESERVAS (ID_RESERVA, PRECIO, ID_CLIENTE, ID_VUELO, ID_HORARIO, DESCRIPCION) VALUES (125, 231.94, 10, 11, 18, 'Reserva de vuelo');
INSERT INTO TAB_RESERVAS (ID_RESERVA, PRECIO, ID_CLIENTE, ID_VUELO, ID_HORARIO, DESCRIPCION) VALUES (126, 192.93, 19, 13, 20, 'Reserva de vuelo');
INSERT INTO TAB_RESERVAS (ID_RESERVA, PRECIO, ID_CLIENTE, ID_VUELO, ID_HORARIO, DESCRIPCION) VALUES (127, 278.61, 9, 16, 8, 'Reserva de vuelo');
INSERT INTO TAB_RESERVAS (ID_RESERVA, PRECIO, ID_CLIENTE, ID_VUELO, ID_HORARIO, DESCRIPCION) VALUES (128, 100.11, 11, 3, 18, 'Reserva de vuelo');
INSERT INTO TAB_RESERVAS (ID_RESERVA, PRECIO, ID_CLIENTE, ID_VUELO, ID_HORARIO, DESCRIPCION) VALUES (129, 219.23, 17, 11, 20, 'Reserva de vuelo');
INSERT INTO TAB_RESERVAS (ID_RESERVA, PRECIO, ID_CLIENTE, ID_VUELO, ID_HORARIO, DESCRIPCION) VALUES (130, 179.61, 2, 6, 5, 'Reserva de vuelo');
INSERT INTO TAB_RESERVAS (ID_RESERVA, PRECIO, ID_CLIENTE, ID_VUELO, ID_HORARIO, DESCRIPCION) VALUES (131, 387.14, 7, 12, 7, 'Reserva de vuelo');
INSERT INTO TAB_RESERVAS (ID_RESERVA, PRECIO, ID_CLIENTE, ID_VUELO, ID_HORARIO, DESCRIPCION) VALUES (132, 351.51, 1, 11, 1, 'Reserva de vuelo');
INSERT INTO TAB_RESERVAS (ID_RESERVA, PRECIO, ID_CLIENTE, ID_VUELO, ID_HORARIO, DESCRIPCION) VALUES (133, 393.81, 6, 14, 2, 'Reserva de vuelo');
INSERT INTO TAB_RESERVAS (ID_RESERVA, PRECIO, ID_CLIENTE, ID_VUELO, ID_HORARIO, DESCRIPCION) VALUES (134, 116.15, 15, 5, 14, 'Reserva de vuelo');
INSERT INTO TAB_RESERVAS (ID_RESERVA, PRECIO, ID_CLIENTE, ID_VUELO, ID_HORARIO, DESCRIPCION) VALUES (135, 302.14, 15, 14, 17, 'Reserva de vuelo');
INSERT INTO TAB_RESERVAS (ID_RESERVA, PRECIO, ID_CLIENTE, ID_VUELO, ID_HORARIO, DESCRIPCION) VALUES (136, 347.57, 15, 20, 7, 'Reserva de vuelo');
INSERT INTO TAB_RESERVAS (ID_RESERVA, PRECIO, ID_CLIENTE, ID_VUELO, ID_HORARIO, DESCRIPCION) VALUES (137, 273.36, 17, 11, 20, 'Reserva de vuelo');
INSERT INTO TAB_RESERVAS (ID_RESERVA, PRECIO, ID_CLIENTE, ID_VUELO, ID_HORARIO, DESCRIPCION) VALUES (138, 134.59, 5, 18, 9, 'Reserva de vuelo');
INSERT INTO TAB_RESERVAS (ID_RESERVA, PRECIO, ID_CLIENTE, ID_VUELO, ID_HORARIO, DESCRIPCION) VALUES (139, 340.56, 5, 12, 10, 'Reserva de vuelo');
INSERT INTO TAB_RESERVAS (ID_RESERVA, PRECIO, ID_CLIENTE, ID_VUELO, ID_HORARIO, DESCRIPCION) VALUES (140, 109.63, 10, 3, 4, 'Reserva de vuelo');
INSERT INTO TAB_RESERVAS (ID_RESERVA, PRECIO, ID_CLIENTE, ID_VUELO, ID_HORARIO, DESCRIPCION) VALUES (141, 181.47, 16, 20, 12, 'Reserva de vuelo');
INSERT INTO TAB_RESERVAS (ID_RESERVA, PRECIO, ID_CLIENTE, ID_VUELO, ID_HORARIO, DESCRIPCION) VALUES (142, 394.06, 11, 7, 19, 'Reserva de vuelo');
INSERT INTO TAB_RESERVAS (ID_RESERVA, PRECIO, ID_CLIENTE, ID_VUELO, ID_HORARIO, DESCRIPCION) VALUES (143, 257.38, 5, 11, 12, 'Reserva de vuelo');
INSERT INTO TAB_RESERVAS (ID_RESERVA, PRECIO, ID_CLIENTE, ID_VUELO, ID_HORARIO, DESCRIPCION) VALUES (144, 187.65, 9, 3, 19, 'Reserva de vuelo');
INSERT INTO TAB_RESERVAS (ID_RESERVA, PRECIO, ID_CLIENTE, ID_VUELO, ID_HORARIO, DESCRIPCION) VALUES (145, 306.93, 11, 13, 6, 'Reserva de vuelo');
INSERT INTO TAB_RESERVAS (ID_RESERVA, PRECIO, ID_CLIENTE, ID_VUELO, ID_HORARIO, DESCRIPCION) VALUES (146, 291.79, 1, 8, 12, 'Reserva de vuelo');
INSERT INTO TAB_RESERVAS (ID_RESERVA, PRECIO, ID_CLIENTE, ID_VUELO, ID_HORARIO, DESCRIPCION) VALUES (147, 250.31, 4, 12, 13, 'Reserva de vuelo');
INSERT INTO TAB_RESERVAS (ID_RESERVA, PRECIO, ID_CLIENTE, ID_VUELO, ID_HORARIO, DESCRIPCION) VALUES (148, 181.55, 9, 1, 20, 'Reserva de vuelo');
INSERT INTO TAB_RESERVAS (ID_RESERVA, PRECIO, ID_CLIENTE, ID_VUELO, ID_HORARIO, DESCRIPCION) VALUES (149, 145.2, 18, 7, 3, 'Reserva de vuelo');
INSERT INTO TAB_RESERVAS (ID_RESERVA, PRECIO, ID_CLIENTE, ID_VUELO, ID_HORARIO, DESCRIPCION) VALUES (150, 354.8, 17, 2, 6, 'Reserva de vuelo');
INSERT INTO TAB_RESERVAS (ID_RESERVA, PRECIO, ID_CLIENTE, ID_VUELO, ID_HORARIO, DESCRIPCION) VALUES (151, 146.63, 1, 14, 1, 'Reserva de vuelo');
INSERT INTO TAB_RESERVAS (ID_RESERVA, PRECIO, ID_CLIENTE, ID_VUELO, ID_HORARIO, DESCRIPCION) VALUES (152, 279.62, 11, 19, 12, 'Reserva de vuelo');
INSERT INTO TAB_RESERVAS (ID_RESERVA, PRECIO, ID_CLIENTE, ID_VUELO, ID_HORARIO, DESCRIPCION) VALUES (153, 146.75, 9, 4, 11, 'Reserva de vuelo');
INSERT INTO TAB_RESERVAS (ID_RESERVA, PRECIO, ID_CLIENTE, ID_VUELO, ID_HORARIO, DESCRIPCION) VALUES (154, 236.42, 14, 14, 11, 'Reserva de vuelo');
INSERT INTO TAB_RESERVAS (ID_RESERVA, PRECIO, ID_CLIENTE, ID_VUELO, ID_HORARIO, DESCRIPCION) VALUES (155, 222.75, 7, 12, 3, 'Reserva de vuelo');
INSERT INTO TAB_RESERVAS (ID_RESERVA, PRECIO, ID_CLIENTE, ID_VUELO, ID_HORARIO, DESCRIPCION) VALUES (156, 368.26, 20, 13, 9, 'Reserva de vuelo');
INSERT INTO TAB_RESERVAS (ID_RESERVA, PRECIO, ID_CLIENTE, ID_VUELO, ID_HORARIO, DESCRIPCION) VALUES (157, 339.67, 4, 20, 13, 'Reserva de vuelo');
INSERT INTO TAB_RESERVAS (ID_RESERVA, PRECIO, ID_CLIENTE, ID_VUELO, ID_HORARIO, DESCRIPCION) VALUES (158, 229.54, 6, 12, 10, 'Reserva de vuelo');
INSERT INTO TAB_RESERVAS (ID_RESERVA, PRECIO, ID_CLIENTE, ID_VUELO, ID_HORARIO, DESCRIPCION) VALUES (159, 377.5, 18, 4, 1, 'Reserva de vuelo');
INSERT INTO TAB_RESERVAS (ID_RESERVA, PRECIO, ID_CLIENTE, ID_VUELO, ID_HORARIO, DESCRIPCION) VALUES (160, 201.19, 16, 15, 20, 'Reserva de vuelo');
INSERT INTO TAB_RESERVAS (ID_RESERVA, PRECIO, ID_CLIENTE, ID_VUELO, ID_HORARIO, DESCRIPCION) VALUES (161, 393.06, 1, 11, 4, 'Reserva de vuelo');
INSERT INTO TAB_RESERVAS (ID_RESERVA, PRECIO, ID_CLIENTE, ID_VUELO, ID_HORARIO, DESCRIPCION) VALUES (162, 163.66, 6, 20, 14, 'Reserva de vuelo');
INSERT INTO TAB_RESERVAS (ID_RESERVA, PRECIO, ID_CLIENTE, ID_VUELO, ID_HORARIO, DESCRIPCION) VALUES (163, 137.91, 15, 20, 9, 'Reserva de vuelo');
INSERT INTO TAB_RESERVAS (ID_RESERVA, PRECIO, ID_CLIENTE, ID_VUELO, ID_HORARIO, DESCRIPCION) VALUES (164, 250.51, 6, 2, 9, 'Reserva de vuelo');
INSERT INTO TAB_RESERVAS (ID_RESERVA, PRECIO, ID_CLIENTE, ID_VUELO, ID_HORARIO, DESCRIPCION) VALUES (165, 160.92, 8, 15, 5, 'Reserva de vuelo');
INSERT INTO TAB_RESERVAS (ID_RESERVA, PRECIO, ID_CLIENTE, ID_VUELO, ID_HORARIO, DESCRIPCION) VALUES (166, 248.55, 8, 9, 1, 'Reserva de vuelo');
INSERT INTO TAB_RESERVAS (ID_RESERVA, PRECIO, ID_CLIENTE, ID_VUELO, ID_HORARIO, DESCRIPCION) VALUES (167, 234.45, 1, 4, 17, 'Reserva de vuelo');
INSERT INTO TAB_RESERVAS (ID_RESERVA, PRECIO, ID_CLIENTE, ID_VUELO, ID_HORARIO, DESCRIPCION) VALUES (168, 171.77, 8, 19, 15, 'Reserva de vuelo');
INSERT INTO TAB_RESERVAS (ID_RESERVA, PRECIO, ID_CLIENTE, ID_VUELO, ID_HORARIO, DESCRIPCION) VALUES (169, 106.8, 14, 17, 13, 'Reserva de vuelo');
INSERT INTO TAB_RESERVAS (ID_RESERVA, PRECIO, ID_CLIENTE, ID_VUELO, ID_HORARIO, DESCRIPCION) VALUES (170, 292.81, 14, 11, 8, 'Reserva de vuelo');
INSERT INTO TAB_RESERVAS (ID_RESERVA, PRECIO, ID_CLIENTE, ID_VUELO, ID_HORARIO, DESCRIPCION) VALUES (171, 175.93, 20, 20, 16, 'Reserva de vuelo');
INSERT INTO TAB_RESERVAS (ID_RESERVA, PRECIO, ID_CLIENTE, ID_VUELO, ID_HORARIO, DESCRIPCION) VALUES (172, 330.95, 14, 18, 2, 'Reserva de vuelo');
INSERT INTO TAB_RESERVAS (ID_RESERVA, PRECIO, ID_CLIENTE, ID_VUELO, ID_HORARIO, DESCRIPCION) VALUES (173, 204.2, 9, 12, 7, 'Reserva de vuelo');
INSERT INTO TAB_RESERVAS (ID_RESERVA, PRECIO, ID_CLIENTE, ID_VUELO, ID_HORARIO, DESCRIPCION) VALUES (174, 163.79, 4, 6, 3, 'Reserva de vuelo');
INSERT INTO TAB_RESERVAS (ID_RESERVA, PRECIO, ID_CLIENTE, ID_VUELO, ID_HORARIO, DESCRIPCION) VALUES (175, 265.72, 5, 8, 9, 'Reserva de vuelo');
INSERT INTO TAB_RESERVAS (ID_RESERVA, PRECIO, ID_CLIENTE, ID_VUELO, ID_HORARIO, DESCRIPCION) VALUES (176, 333.07, 12, 17, 4, 'Reserva de vuelo');
INSERT INTO TAB_RESERVAS (ID_RESERVA, PRECIO, ID_CLIENTE, ID_VUELO, ID_HORARIO, DESCRIPCION) VALUES (177, 230.71, 7, 18, 12, 'Reserva de vuelo');
INSERT INTO TAB_RESERVAS (ID_RESERVA, PRECIO, ID_CLIENTE, ID_VUELO, ID_HORARIO, DESCRIPCION) VALUES (178, 292.1, 18, 10, 6, 'Reserva de vuelo');
INSERT INTO TAB_RESERVAS (ID_RESERVA, PRECIO, ID_CLIENTE, ID_VUELO, ID_HORARIO, DESCRIPCION) VALUES (179, 105.73, 8, 8, 3, 'Reserva de vuelo');
INSERT INTO TAB_RESERVAS (ID_RESERVA, PRECIO, ID_CLIENTE, ID_VUELO, ID_HORARIO, DESCRIPCION) VALUES (180, 139.86, 15, 1, 1, 'Reserva de vuelo');
INSERT INTO TAB_RESERVAS (ID_RESERVA, PRECIO, ID_CLIENTE, ID_VUELO, ID_HORARIO, DESCRIPCION) VALUES (181, 371.89, 16, 1, 3, 'Reserva de vuelo');
INSERT INTO TAB_RESERVAS (ID_RESERVA, PRECIO, ID_CLIENTE, ID_VUELO, ID_HORARIO, DESCRIPCION) VALUES (182, 187.77, 9, 12, 9, 'Reserva de vuelo');
INSERT INTO TAB_RESERVAS (ID_RESERVA, PRECIO, ID_CLIENTE, ID_VUELO, ID_HORARIO, DESCRIPCION) VALUES (183, 131.18, 14, 4, 11, 'Reserva de vuelo');
INSERT INTO TAB_RESERVAS (ID_RESERVA, PRECIO, ID_CLIENTE, ID_VUELO, ID_HORARIO, DESCRIPCION) VALUES (184, 397.0, 15, 15, 17, 'Reserva de vuelo');
INSERT INTO TAB_RESERVAS (ID_RESERVA, PRECIO, ID_CLIENTE, ID_VUELO, ID_HORARIO, DESCRIPCION) VALUES (185, 188.74, 14, 19, 15, 'Reserva de vuelo');
INSERT INTO TAB_RESERVAS (ID_RESERVA, PRECIO, ID_CLIENTE, ID_VUELO, ID_HORARIO, DESCRIPCION) VALUES (186, 193.81, 7, 13, 3, 'Reserva de vuelo');
INSERT INTO TAB_RESERVAS (ID_RESERVA, PRECIO, ID_CLIENTE, ID_VUELO, ID_HORARIO, DESCRIPCION) VALUES (187, 371.22, 3, 13, 7, 'Reserva de vuelo');
INSERT INTO TAB_RESERVAS (ID_RESERVA, PRECIO, ID_CLIENTE, ID_VUELO, ID_HORARIO, DESCRIPCION) VALUES (188, 291.35, 11, 20, 10, 'Reserva de vuelo');
INSERT INTO TAB_RESERVAS (ID_RESERVA, PRECIO, ID_CLIENTE, ID_VUELO, ID_HORARIO, DESCRIPCION) VALUES (189, 122.42, 10, 14, 8, 'Reserva de vuelo');
INSERT INTO TAB_RESERVAS (ID_RESERVA, PRECIO, ID_CLIENTE, ID_VUELO, ID_HORARIO, DESCRIPCION) VALUES (190, 132.01, 3, 18, 4, 'Reserva de vuelo');
INSERT INTO TAB_RESERVAS (ID_RESERVA, PRECIO, ID_CLIENTE, ID_VUELO, ID_HORARIO, DESCRIPCION) VALUES (191, 128.6, 2, 3, 1, 'Reserva de vuelo');
INSERT INTO TAB_RESERVAS (ID_RESERVA, PRECIO, ID_CLIENTE, ID_VUELO, ID_HORARIO, DESCRIPCION) VALUES (192, 211.79, 12, 4, 8, 'Reserva de vuelo');
INSERT INTO TAB_RESERVAS (ID_RESERVA, PRECIO, ID_CLIENTE, ID_VUELO, ID_HORARIO, DESCRIPCION) VALUES (193, 154.09, 7, 18, 7, 'Reserva de vuelo');
INSERT INTO TAB_RESERVAS (ID_RESERVA, PRECIO, ID_CLIENTE, ID_VUELO, ID_HORARIO, DESCRIPCION) VALUES (194, 362.06, 8, 4, 14, 'Reserva de vuelo');
INSERT INTO TAB_RESERVAS (ID_RESERVA, PRECIO, ID_CLIENTE, ID_VUELO, ID_HORARIO, DESCRIPCION) VALUES (195, 188.26, 5, 11, 4, 'Reserva de vuelo');
INSERT INTO TAB_RESERVAS (ID_RESERVA, PRECIO, ID_CLIENTE, ID_VUELO, ID_HORARIO, DESCRIPCION) VALUES (196, 312.02, 20, 5, 6, 'Reserva de vuelo');
INSERT INTO TAB_RESERVAS (ID_RESERVA, PRECIO, ID_CLIENTE, ID_VUELO, ID_HORARIO, DESCRIPCION) VALUES (197, 352.48, 3, 1, 3, 'Reserva de vuelo');
INSERT INTO TAB_RESERVAS (ID_RESERVA, PRECIO, ID_CLIENTE, ID_VUELO, ID_HORARIO, DESCRIPCION) VALUES (198, 256.13, 19, 2, 12, 'Reserva de vuelo');
INSERT INTO TAB_RESERVAS (ID_RESERVA, PRECIO, ID_CLIENTE, ID_VUELO, ID_HORARIO, DESCRIPCION) VALUES (199, 132.26, 11, 10, 16, 'Reserva de vuelo');
INSERT INTO TAB_RESERVAS (ID_RESERVA, PRECIO, ID_CLIENTE, ID_VUELO, ID_HORARIO, DESCRIPCION) VALUES (200, 395.81, 11, 1, 20, 'Reserva de vuelo');


